filename,expected_label,bandit_result,semgrep_result
safe/safe_01_param_qmark.py,safe,safe,safe
safe/safe_02_param_named.py,safe,safe,safe
safe/safe_03_constant_query.py,safe,safe,safe
safe/safe_04_constant_multiline.py,safe,safe,safe
safe/safe_05_whitelist_lookup.py,safe,vulnerable,vulnerable
safe/safe_06_safe_builder.py,safe,vulnerable,vulnerable
unsafe/unsafe_01_concat_basic.py,unsafe,vulnerable,vulnerable
unsafe/unsafe_02_concat_variable.py,unsafe,safe,safe
unsafe/unsafe_03_fstring_direct.py,unsafe,vulnerable,vulnerable
unsafe/unsafe_04_fstring_multiline.py,unsafe,vulnerable,vulnerable
unsafe/unsafe_05_percent_format.py,unsafe,vulnerable,vulnerable
unsafe/unsafe_06_str_format.py,unsafe,vulnerable,vulnerable
unsafe/unsafe_07_format_named.py,unsafe,vulnerable,vulnerable
tricky/tricky_01_user_input_not_in_sink.py,tricky,safe,safe
tricky/tricky_02_fstring_constant_only.py,tricky,vulnerable,vulnerable
tricky/tricky_03_custom_execute_non_sql.py,tricky,safe,vulnerable
tricky/tricky_04_taint_overwritten.py,tricky,vulnerable,vulnerable
tricky/tricky_05_format_in_logging_only.py,tricky,safe,safe
tricky/tricky_06_dead_code_branch.py,tricky,vulnerable,vulnerable
